help_id,tab_subtab,source_file_line,category,proposed_title,candidate_source_material,priority
project.create_new,"Manage Project > Create New Project","ui_handler.R:manage_project_ui()",procedural,"Creating a new project","NEW — no existing prose beyond the inline bsCollapsePanel text already in the UI",low
glossary.access_key,"Manage Project > Add New Project","ui_handler.R:manage_project_ui(); user_management.R",glossary,"Project access keys (sharing a project)","NEW — access_id is UUID-validated against project_access_keys (user_management.R) but has no prose explanation anywhere yet",medium
import.bead.upload,"Import > Bead Array","descriptor_bead.R; assay_import_module.R:assay_import_ui()",procedural,"Importing Bio-Plex (.rbx/.srbx) files","NEW — check www/I_SPI_data_upload_guide.pdf (linked from the home page) for reusable content before writing fresh",low
import.elisa.upload,"Import > ELISA","descriptor_elisa.R; assay_import_module.R:assay_import_ui()",procedural,"Importing ELISA plate files","NEW — same upload-guide PDF check as Bead Array",low
import.flow.upload,"Import > Post-gating Flow Cytometry","descriptor_flow.R; assay_import_module.R:assay_import_ui()",procedural,"Importing post-gating flow cytometry data","NEW — verify with developer whether descriptor_flow.R's preprocess=TRUE (current state) has been smoke-tested; RBX_DILUTION_AUTHORITATIVE_SOURCE_PLAN.md §7 claiming Flow is out of scope is stale (01a-decision-points.md discrepancy #2) — confirm before writing",medium
import.plate_grid.confirm,"Import (per assay, step 2) > Confirm the plate layout","assay_plate_grid.R:ai_plate_grid_ui()",procedural,"Confirming the plate layout","NEW — assay_plate_grid.R's own gate messages (ai_inventory_requirements()) are the closest existing text",medium
compute.import.dilution_source_precedence,"Import (per assay, step 3) > Standards dilution reference","assay_std_reference_ui.R; assay_std_reference_rules.R",compute-decision,"Standards dilution reference & dilution-source precedence","RBX_DILUTION_AUTHORITATIVE_SOURCE_PLAN.md (authoritative, shipped — summarize/link, don't re-derive); curveR-topic-index.md 'Preprocessing pipeline' topic (needs bridging, curveRcore getting-started.Rmd) for downstream use; help/settings/standard_dilution_reference.md already exists — verify/extend rather than write fresh",high
compute.import.description_shape_binding,"Import (per assay, step 4) > Configure the description field","assay_shape_ui.R; assay_shape_rules.R",compute-decision,"Configuring the description field (shape & token bindings)","RBX_DILUTION_AUTHORITATIVE_SOURCE_PLAN.md; assay_shape_rules.R/assay_shape_ui.R inline docs are the LIVE engine (assay_description_parse.R is confirmed dead code — 01a-decision-points.md §1 critical correction)",high
import.wizard.template_validate_commit,"Import (per assay, steps 5-9) > Template / validation / commit","assay_import_module.R; assay_import_backend.R; assay_import_contract.R",procedural,"Layout template, validation, and commit","NEW — add a short glossary note on 'validation errors vs. warnings' per Phase 1's suggestion",low
data.raw.plates,"Data > Raw inputs > Plates","data_tab_module.R; data_dictionary.R",procedural,"The Plates table and plate-level actions","data_dictionary.R table_doc('xmap_header') text usable directly for the base definition; plate-ops actions (split optimization plates, wavelength subtraction) need a NEW procedural note",medium
glossary.standard_wells,"Data > Raw inputs > Standard","data_tab_module.R",glossary,"Standard wells","data_dictionary.R table_doc('xmap_standard') — directly usable verbatim",medium
glossary.control_wells,"Data > Raw inputs > Control","data_tab_module.R",glossary,"Control wells","data_dictionary.R table_doc('xmap_control') — directly usable verbatim",medium
glossary.blank_wells,"Data > Raw inputs > Blank","data_tab_module.R",glossary,"Blank wells","data_dictionary.R table_doc('xmap_buffer') — directly usable verbatim",medium
glossary.sample_wells,"Data > Raw inputs > Sample","data_tab_module.R",glossary,"Sample (patient) wells","data_dictionary.R table_doc('xmap_sample') — directly usable verbatim",medium
data.registry.curve_lookup,"Data > Registry > Curve lookup","data_tab_module.R",conceptual,"The curve registry and the 10-column natural key","data_dictionary.R table_doc('curve_lookup') usable as the base definition; the natural-key composition itself is NEW (no prose source identified — derive from schema/calib_data_access.R)",medium
data.results.run,"Data > Results > Run","data_tab_module.R",procedural,"Compute job runs","data_dictionary.R table_doc('calib_run') — directly usable verbatim",medium
data.results.fit_model_selection,"Data > Results > Fit / model selection","data_tab_module.R",compute-decision,"Fitted models and selection outcome","data_dictionary.R table_doc('calib_fit'); same underlying decision as compute.standard_curve.model_engine (QC tab) — cross-link via see_also rather than re-explaining",high
data.results.parameters,"Data > Results > Parameters","data_tab_module.R",conceptual,"Fitted parameter estimates","data_dictionary.R table_doc('calib_param') — directly usable verbatim",medium
data.results.eligibility_gates,"Data > Results > Eligibility gates","data_tab_module.R",conceptual,"Eligibility gates","data_dictionary.R table_doc('calib_gate'); curveR-topic-index.md 'Eligibility gating' topic (needs bridging, curveRcore getting-started.Rmd + curveRfreq/curveRbayes vignettes)",medium
data.results.fitted_grid,"Data > Results > Fitted grid","data_tab_module.R",conceptual,"The fitted curve grid and precision (pcov) series","data_dictionary.R table_doc('calib_grid'); curveR-topic-index.md 'Precision grid columns' topic (needs bridging); cross-link existing help/settings/precision_measurement_error.md",medium
data.results.samples,"Data > Results > Back-calculated samples","data_tab_module.R",conceptual,"Back-calculated sample concentrations","data_dictionary.R table_doc('calib_samples') — directly usable; 'replaces old Sample QC tab' historical context is NEW, check dev/REPORT_*.md for migration notes",medium
data.results.diagnostics_loq,"Data > Results > Diagnostics / LOQ","data_tab_module.R",compute-decision,"Detection and quantification limits (LLOQ/ULOQ/LOD/RDL)","data_dictionary.R table_doc('calib_diagnostics'); curveR-topic-index.md 'Detection limits (LOD/LLOQ/ULOQ/RDL/MDC)' row — curveRcore::compute_detection_limits(), getting-started.Rmd (needs bridging) — and 'Shape-LOQ vs. pcov-LOQ' (curveRcore/curveRfreq, needs bridging, important distinction). Amended 2026-10-09: curveRmetrics removed from scope; curveRcore is the sole source.",high
data.results.loo_comparison,"Data > Results > LOO comparison","data_tab_module.R",conceptual,"Bayesian LOO model comparison","data_dictionary.R table_doc('calib_loo'); curveR-topic-index.md 'LOO-CV model selection and stacking weights' topic (needs bridging, curveRbayes bayesian-quickstart.Rmd) — explain why it's empty for frequentist fits",medium
data.results.precision_weights,"Data > Results > Precision weights","data_tab_module.R",compute-decision,"Per-sample precision weights","data_dictionary.R table_doc('calib_weights'); curveR-topic-index.md 'the model (phi, beta1)' topic (needs bridging); cross-link qc.precision_weights.method",high
data.results.precision_weights_fit,"Data > Results > Precision weights fit","data_tab_module.R",compute-decision,"Precision-weighting model fit (phi/beta1)","data_dictionary.R table_doc('calib_weights_fit'); curveR-topic-index.md 'the model (phi, beta1, saturated cell means)' topic (needs bridging, curveRweights precision-weighting.Rmd)",high
qc.bead_count.thresholds,"QC - Basic > Bead Count","bead_count_controls_ui.R; bead_count_functions.R; bead_count_analysis_ui.R",conceptual,"Bead count thresholds","NEW — app-side only, no curveR source; reuse 01a-decision-points.md §4's resolution text directly (confirmed display-only, not wired to fit exclusion)",medium
qc.plate_dilution_series,"QC - Basic > Plate Dilution Series","plate_dilution_series_module.R",conceptual,"Plate dilution series view","NEW — no curveR topic found (app-side only, per curveR-topic-index.md's 'dilutional linearity' note); std_curve_weights_module.R's Explore/Compute-fits comment is the closest existing text",medium
compute.standard_curve.model_engine,"QC - Basic > Standard Curve","std_curve_calc_module.R",compute-decision,"Standard-curve model selection & fit engine","01a-decision-points.md §2 (full deep-dive); curveR-topic-index.md: 'Model selection practical guidance' (directly linkable, curveRcore model-forms.Rmd), 'Forward model equations' (needs bridging), 'Frequentist fitting' (needs bridging, curveRfreq), 'Bayesian fitting: hierarchical Stan model' (needs heavy bridging — use curveR-methods-comparison.Rmd's shorter section, not the 1,483-line package vignette); migrate existing hardcoded bayes_help/meas_err_help modals per 04-architecture-recommendation.md §0.1; cross-check dev/UNDERSTANDING_precision_and_measurement_error.md for duplication",high
qc.precision_weights.method,"QC - Basic > Precision Weights","std_curve_weights_module.R; precision_weight_panel.R",compute-decision,"Precision weighting method & scope","01a-decision-points.md §3 (full deep-dive); curveR-topic-index.md 'Precision weighting: the problem' (directly linkable, curveRweights) and 'the model' (needs bridging); dev/HANDOFF_precision_weighting.md, dev/REPORT_precision_gap.md (not yet read in full — check for reusable end-user-ready prose before writing fresh)",high
settings.calibration.overview,"Study Settings > Calibration Settings","settings_cascade_ui.R; settings_cascade_access.R; help_utils.R",procedural,"The calibration settings editor","Existing help/settings/*.md notes already cover apply_prozone and precision_measurement_error; confirmed gaps: model_form_list (link to compute.standard_curve.model_engine instead of a new note) and compute_cluster (source: i-spi-compute/worker/migrations/006_compute_cluster.sql header, per 01a-decision-points.md §5); full param catalog NOT enumerable from source alone — needs a live SELECT against madi_results.calib_settings_meta before this row is complete",medium
settings.annotations,"Study Settings > Annotations","annotation_ui.R",procedural,"Antigen/feature annotations, timepoints & arms, display order","NEW",medium
settings.source_names,"Study Settings > Source Names","source_alias.R",conceptual,"Canonicalizing raw instrument source names","NEW — explain why sources need canonicalizing (same physical standard named differently across runs/instruments)",medium
settings.export_import,"Study Settings > Export/Import","settings_export_import_ui.R",procedural,"Exporting and importing settings","NEW",low
settings.delete_components,"Study Settings > Delete Components","delete_study_components_ui.R; delete_study_components.R",procedural,"Deleting study components","NEW — emphasize irreversibility; describe the preview-then-commit pattern explicitly",high
settings.clone_study,"Study Settings > Clone Study","clone_study_components_ui.R; clone_study_components.R",procedural,"Cloning study components","NEW",medium
study_overview.blanks_controls_standards,"Study Overview > Blanks, Controls & Standards","study_overview.R",conceptual,"Blanks, Controls & Standards overview","NEW — cross-link glossary.blank_wells / glossary.control_wells / glossary.standard_wells",medium
study_overview.high_aggregate_low_bead,"Study Overview > High-Aggregate & Low Bead","study_overview.R",conceptual,"High-aggregate and low-bead-count overview","NEW — cross-link qc.bead_count.thresholds",medium
study_overview.samples_by_arm,"Study Overview > Samples by Arm","study_overview.R",conceptual,"Samples by arm/group","NEW — cross-link settings.annotations (arm/referent configuration)",medium
study_overview.samples_by_timepoint,"Study Overview > Samples by Timepoint","study_overview.R",conceptual,"Samples by timepoint","NEW — cross-link settings.annotations",medium
study_overview.sample_estimate_quality,"Study Overview > Sample Estimate Quality","study_overview.R",compute-decision,"Sample estimate quality (by fit method)","Same underlying concepts as data.results.diagnostics_loq; cross-link via see_also; curveR-topic-index.md 'Cross-method comparison' topic if both Bayesian/frequentist shown side by side (needs bridging for curveRcore, directly linkable for curveR manuscript's Discussion subsection)",high
